{"cameraMode":{"drawMode":0,"name":"Shaded","section":"Shading Mode"},"sceneLighting":true,"audioPlay":false,"sceneViewState":{"showFog":true,"showMaterialUpdate":false,"showSkybox":true,"showFlares":true,"showImageEffects":true,"showParticleSystems":true},"in2DMode":false,"pivot":{"x":0.7449626922607422,"y":-0.3454732894897461,"z":-1.120295524597168},"rotation":{"x":-0.10449248552322388,"y":0.860235333442688,"z":-0.19580939412117005,"w":-0.45905932784080508},"size":10.0,"orthographic":false}